2026-01-15T14:41:47.332004,"('10.5.50.2', 50317)",GetLoyaltyOnlineStatusRequest,46476,,,,
2026-01-15T14:41:47.450381,"('10.5.50.2', 50317)",FinalizeRewardsRequest,46476,7748,3.01,027000388150,Hunts Tomatoi Paste
2026-01-15T14:41:50.362122,"('10.5.50.2', 50317)",BeginCustomerRequest,46476,,,,
2026-01-15T14:41:56.565698,"('10.5.50.2', 50317)",GetRewardsRequest,46476,7405,,028200003577,Marlboro King Soft
2026-01-15T14:42:33.923538,"('10.5.50.2', 50317)",BeginCustomerRequest,46476,,,,
2026-01-15T14:42:37.365821,"('10.5.50.2', 50317)",FinalizeRewardsRequest,46476,7748,3.01,027000388150,Hunts Tomatoi Paste
2026-01-15T14:42:47.372950,"('10.5.50.2', 50317)",GetLoyaltyOnlineStatusRequest,46476,,,,
2026-01-15T14:42:51.160118,"('10.5.50.2', 50317)",GetRewardsRequest,46476,7406,,028200003577,Marlboro King Soft
2026-01-15T14:43:27.372417,"('10.5.50.2', 50317)",FinalizeRewardsRequest,46476,7748,3.01,027000388150,Hunts Tomatoi Paste
2026-01-15T14:43:27.606106,"('10.5.50.2', 50317)",BeginCustomerRequest,46476,,,,
2026-01-15T14:43:47.400457,"('10.5.50.2', 50317)",GetLoyaltyOnlineStatusRequest,46476,,,,
2026-01-15T14:43:47.707426,"('10.5.50.2', 50317)",GetRewardsRequest,46476,7407,,028200003577,Marlboro King Soft
